"id","fold","landmark","label","E-CPV Pred","E-CPV Error","E-CPV Uncertainty","E-MHA Pred","E-MHA Error","E-MHA Confidence","E-MHA Bin","E-CPV Bin","S-MHA Pred","S-MHA Error","S-MHA Error Confidence","S-MHA Bin"
"366","0","13","[1602. 1756.]","[1607. 1755.]","5.0990195135927845","5.12206997871399","[1605. 1754.]","3.605551275463989","0.3811730682849884","4","1","[1616. 1748.]","16.1245154965971","0.32555035","1"
"208","0","13","[1456. 1980.]","[1466. 1982.]","10.198039027185569","7.8633091926574705","[1467. 1975.]","12.083045973594572","0.4082978904247284","4","3","[1466. 1976.]","10.770329614269007","0.6530437","4"
"318","0","13","[1396. 1845.]","[1426. 1851.]","30.59411708155671","6.900376510620117","[1424. 1846.]","28.0178514522438","0.37593619227409364","4","3","[1420. 1858.]","27.294688127912362","0.41815194","3"
"195","0","13","[1605. 1894.]","[1610. 1896.]","5.385164807134504","7.916203451156616","[1612. 1890.]","8.06225774829855","0.3357897073030472","2","3","[1617. 1901.]","13.892443989449804","0.35334417","1"
"194","0","13","[1437. 1619.]","[1454. 1610.]","19.235384061671343","4.901654052734375","[1450. 1609.]","16.401219466856727","0.35844737738370896","3","1","[1458. 1611.]","22.47220505424423","0.42911792","3"
"336","0","13","[1518. 1841.]","[1518. 1847.]","6.0","31.849058151245117","[1527. 1826.]","17.4928556845359","0.25094175040721894","0","4","[1526. 1827.]","16.1245154965971","0.3870876","2"
"329","0","13","[1404. 1833.]","[1413. 1832.]","9.055385138137417","6.54639368057251","[1411. 1830.]","7.615773105863909","0.30682533979415894","1","2","[1405. 1835.]","2.23606797749979","0.33916375","1"
"399","0","13","[1503. 1837.]","[1525. 1826.]","24.596747752497688","3.6601126194000244","[1522. 1825.]","22.47220505424423","0.3625810623168945","3","0","[1526. 1826.]","25.495097567963924","0.40870523","3"
"013","0","13","[1421. 1797.]","[1414. 1809.]","13.892443989449804","6.318288326263428","[1414. 1807.]","12.206555615733702","0.35142838954925537","3","2","[1406. 1807.]","18.027756377319946","0.36282375","2"
"125","0","13","[1509. 1798.]","[1516. 1761.]","37.656340767525464","31.961205673217773","[1522. 1776.]","25.553864678361276","0.19031603038311004","0","4","[1495. 1688.]","110.8873302050329","0.20633976","0"
"252","0","13","[1652. 1796.]","[1658. 1799.]","6.708203932499369","2.3871329545974733","[1658. 1797.]","6.082762530298219","0.3448999434709549","3","0","[1655. 1798.]","3.605551275463989","0.40947184","3"
"203","0","13","[1587. 1785.]","[1584. 1787.]","3.605551275463989","4.312716388702393","[1584. 1785.]","3.0","0.3511920839548111","3","0","[1586. 1788.]","3.1622776601683795","0.4917583","4"
"114","0","13","[1573. 1958.]","[1564. 1960.]","9.219544457292887","7.839636516571045","[1566. 1957.]","7.0710678118654755","0.3633015215396881","3","3","[1572. 1958.]","1.0","0.44570622","4"
"061","0","13","[1635. 1679.]","[1614. 1705.]","33.421549934136806","37.48171501159668","[1625. 1684.]","11.180339887498949","0.3112513363361359","2","4","[1631. 1686.]","8.06225774829855","0.42566323","3"
"248","0","13","[1472. 1792.]","[1486. 1788.]","14.560219778561036","2.6491045713424684","[1484. 1787.]","13.0","0.3694586932659149","4","0","[1482. 1789.]","10.44030650891055","0.36239073","2"
"064","0","13","[1467. 1784.]","[1465. 1792.]","8.246211251235321","7.225004386901856","[1463. 1793.]","9.848857801796104","0.3852546751499176","4","3","[1465. 1789.]","5.385164807134504","0.56462145","4"
"234","0","13","[1607. 1929.]","[1613. 1923.]","8.48528137423857","7.239459800720215","[1614. 1919.]","12.206555615733702","0.3068933665752411","1","3","[1610. 1929.]","3.0","0.28747284","0"
"393","0","13","[1495. 1765.]","[1488. 1787.]","23.08679276123039","32.7221622467041","[1497. 1762.]","3.605551275463989","0.33918964862823486","2","4","[1496. 1770.]","5.0990195135927845","0.36745408","2"
"332","0","13","[1656. 1855.]","[1669. 1853.]","13.152946437965905","7.15362057685852","[1666. 1852.]","10.44030650891055","0.29007732272148135","1","3","[1670. 1855.]","14.0","0.3329578","1"
"348","0","13","[1616. 1893.]","[1633. 1894.]","17.029386365926403","7.259083557128906","[1633. 1891.]","17.11724276862369","0.26099534928798673","0","3","[1639. 1892.]","23.021728866442675","0.33305684","1"
"243","0","13","[1566. 1842.]","[1557. 1858.]","18.35755975068582","32.18128433227539","[1566. 1836.]","6.0","0.33632456660270693","2","4","[1571. 1844.]","5.385164807134504","0.42616916","3"
"365","0","13","[1552. 2001.]","[1584. 1981.]","37.73592452822641","26.1637939453125","[1567. 1985.]","21.93171219946131","0.2119416743516922","0","4","[1572. 1986.]","25.0","0.32893658","1"
"235","0","13","[1626. 1814.]","[1616. 1832.]","20.591260281974","34.7437385559082","[1627. 1815.]","1.4142135623730951","0.23816754817962646","0","4","[1639. 1817.]","13.341664064126334","0.3600356","2"
"069","0","13","[1415. 1836.]","[1416. 1831.]","5.0990195135927845","5.854429912567139","[1414. 1827.]","9.055385138137417","0.3658963322639465","3","2","[1406. 1835.]","9.055385138137417","0.31565532","1"
"265","0","13","[1477. 1890.]","[1493. 1885.]","16.76305461424021","6.1130904197692875","[1493. 1880.]","18.867962264113206","0.35469352304935453","3","2","[1495. 1882.]","19.697715603592208","0.3816185","2"
"058","0","13","[1406. 1678.]","[1396. 1689.]","14.866068747318506","4.08737211227417","[1393. 1686.]","15.264337522473747","0.32358543276786805","2","0","[1398. 1686.]","11.313708498984761","0.334206","1"
"342","0","13","[1460. 1861.]","[1475. 1847.]","20.518284528683193","5.9232017993927","[1474. 1844.]","22.02271554554524","0.25636592209339143","0","2","[1466. 1846.]","16.15549442140351","0.25868422","0"
"198","0","13","[1498. 1760.]","[1498. 1755.]","5.0","34.35685768127441","[1513. 1768.]","17.0","0.1891127973794937","0","4","[1442. 1697.]","84.29116205154607","0.28356308","0"
"044","0","13","[1455. 1816.]","[1438. 1822.]","18.027756377319946","21.371666431427002","[1455. 1814.]","2.0","0.21837495267391205","0","4","[1451. 1808.]","8.94427190999916","0.36243707","2"
"007","0","13","[1606. 1823.]","[1589. 1842.]","25.495097567963924","3.572774648666382","[1588. 1842.]","26.1725046566048","0.32929642498493195","2","0","[1586. 1845.]","29.732137494637012","0.38068765","2"
"351","0","13","[1459. 1812.]","[1466. 1807.]","8.602325267042627","4.0981909275054935","[1465. 1803.]","10.816653826391969","0.3932285964488983","4","0","[1465. 1805.]","9.219544457292887","0.50882435","4"
"270","0","13","[1512. 1863.]","[1508. 1892.]","29.274562336608895","77.2154052734375","[1515. 1858.]","5.830951894845301","0.05752766728401184","0","4","[1570. 1938.]","94.81033698917012","0.21331708","0"
"288","0","13","[1566. 1834.]","[1578. 1836.]","12.165525060596439","5.922845363616943","[1576. 1833.]","10.04987562112089","0.3322637498378754","2","2","[1586. 1836.]","20.09975124224178","0.35503072","2"
"380","0","13","[1703. 1764.]","[1718. 1778.]","20.518284528683193","33.980624771118165","[1719. 1758.]","17.08800749063506","0.22711730897426605","0","4","[1723. 1762.]","20.09975124224178","0.2682561","0"
"205","0","13","[1698. 1897.]","[1692. 1913.]","17.08800749063506","22.879259300231933","[1695. 1903.]","6.708203932499369","0.2179845780134201","0","4","[1700. 1910.]","13.152946437965905","0.27918226","0"
"132","0","13","[1503. 1860.]","[1494. 1856.]","9.848857801796104","6.886219930648804","[1494. 1854.]","10.816653826391969","0.3086781620979309","1","2","[1496. 1864.]","8.06225774829855","0.35948208","2"
"397","0","13","[1552. 1823.]","[1549. 1823.]","3.0","5.469497489929199","[1545. 1823.]","7.0","0.3389597564935684","2","2","[1556. 1825.]","4.47213595499958","0.36108533","2"
"247","0","13","[1562. 1889.]","[1578. 1879.]","18.867962264113206","18.1956636428833","[1577. 1887.]","15.132745950421556","0.22270298451185228","0","4","[1579. 1889.]","17.0","0.3356622","1"
"283","0","13","[1400. 1877.]","[1415. 1870.]","16.55294535724685","4.3981729507446286","[1412. 1867.]","15.620499351813308","0.34708328247070314","3","0","[1412. 1871.]","13.416407864998739","0.36364207","2"
"396","0","13","[1535. 1761.]","[1549. 1765.]","14.560219778561036","4.8760536193847654","[1546. 1761.]","11.0","0.42174885869026185","4","1","[1548. 1762.]","13.038404810405298","0.45825437","4"
"346","0","13","[1606. 1801.]","[1611. 1805.]","6.4031242374328485","3.416316843032837","[1611. 1800.]","5.0990195135927845","0.3363343894481659","2","0","[1610. 1807.]","7.211102550927978","0.36544073","2"
"286","0","13","[1502. 1644.]","[1503. 1639.]","5.0990195135927845","5.642464327812195","[1504. 1639.]","5.385164807134504","0.3806807637214661","4","2","[1496. 1648.]","7.211102550927978","0.35023698","1"
"295","0","13","[1513. 1757.]","[1533. 1752.]","20.615528128088304","6.196163249015808","[1534. 1751.]","21.840329667841555","0.37510526180267334","4","2","[1526. 1747.]","16.401219466856727","0.40433747","3"
"091","0","13","[1555. 1858.]","[1540. 1873.]","21.213203435596427","6.380118465423584","[1538. 1872.]","22.02271554554524","0.3102815687656403","2","2","[1535. 1874.]","25.612496949731394","0.35141188","1"
"352","0","13","[1490. 1725.]","[1489. 1729.]","4.123105625617661","3.884189224243164","[1487. 1728.]","4.242640687119285","0.38537547588348386","4","0","[1488. 1722.]","3.605551275463989","0.3879311","2"
"316","0","13","[1573. 1927.]","[1575. 1922.]","5.385164807134504","8.211737823486327","[1578. 1920.]","8.602325267042627","0.32096269726753235","2","3","[1585. 1920.]","13.892443989449804","0.3917014","2"
"309","0","13","[1477. 1888.]","[1479. 1883.]","5.385164807134504","3.2825549602508546","[1477. 1883.]","5.0","0.3447604954242706","3","0","[1480. 1883.]","5.830951894845301","0.3524638","1"
"217","0","13","[1415. 1737.]","[1424. 1741.]","9.848857801796104","5.788754606246949","[1421. 1740.]","6.708203932499369","0.3509456545114517","3","2","[1420. 1732.]","7.0710678118654755","0.3404108","1"
"049","0","13","[1453. 1580.]","[1465. 1662.]","82.87339742040264","35.092939949035646","[1480. 1689.]","112.29425630903836","0.09487418308854104","0","4","[1454. 1611.]","31.016124838541646","0.3653724","2"
"156","0","13","[1472. 1912.]","[1475. 1935.]","23.194827009486403","35.09531478881836","[1477. 1910.]","5.385164807134504","0.2709357500076294","0","4","[1482. 1911.]","10.04987562112089","0.35996753","2"
"212","0","13","[1379. 1868.]","[1385. 1864.]","7.211102550927978","5.070933151245117","[1387. 1863.]","9.433981132056603","0.27752779722213744","0","1","[1390. 1864.]","11.704699910719626","0.31623438","1"
"151","0","13","[1444. 1881.]","[1463. 1876.]","19.6468827043885","3.709735870361328","[1461. 1873.]","18.788294228055936","0.3674671947956085","4","0","[1465. 1881.]","21.0","0.4024637","3"
"305","0","13","[1581. 1830.]","[1583. 1835.]","5.385164807134504","4.597165584564209","[1581. 1831.]","1.0","0.3053246527910233","1","0","[1579. 1839.]","9.219544457292887","0.30067164","1"
"119","0","13","[1489. 1840.]","[1472. 1843.]","17.26267650163207","7.457881069183349","[1469. 1843.]","20.223748416156685","0.2722641944885254","0","3","[1466. 1836.]","23.345235059857504","0.3036166","1"
"079","0","13","[1615. 1923.]","[1597. 1948.]","30.805843601498726","35.940908432006836","[1605. 1928.]","11.180339887498949","0.20442934036254884","0","4","[1609. 1930.]","9.219544457292887","0.30656645","1"
"385","0","13","[1506. 1867.]","[1530. 1871.]","24.331050121192877","6.477717685699463","[1525. 1869.]","19.1049731745428","0.36502471566200256","3","2","[1526. 1873.]","20.8806130178211","0.4339433","3"
"394","0","13","[1530. 1896.]","[1541. 1894.]","11.180339887498949","7.594719791412354","[1541. 1890.]","12.529964086141668","0.3123913764953613","2","3","[1541. 1901.]","12.083045973594572","0.282085","0"
"375","0","13","[1662. 1840.]","[1673. 1850.]","14.866068747318506","7.3797139644622805","[1670. 1846.]","10.0","0.29052515625953673","1","3","[1669. 1864.]","25.0","0.30700925","1"
"041","0","13","[1623. 1758.]","[1617. 1763.]","7.810249675906654","7.503822612762451","[1618. 1762.]","6.4031242374328485","0.27843181490898133","0","3","[1624. 1761.]","3.1622776601683795","0.3538724","2"
"118","0","13","[1425. 1972.]","[1414. 1976.]","11.704699910719626","4.65012640953064","[1409. 1974.]","16.1245154965971","0.35587154030799867","3","1","[1420. 1972.]","5.0","0.34325036","1"
"209","0","13","[1506. 1965.]","[1508. 1960.]","5.385164807134504","7.936647701263428","[1508. 1957.]","8.246211251235321","0.33428316116333007","2","3","[1512. 1958.]","9.219544457292887","0.41147843","3"
"083","0","13","[1449. 1630.]","[1442. 1644.]","15.652475842498529","3.9664274930953978","[1441. 1642.]","14.422205101855956","0.41203746795654295","4","0","[1443. 1645.]","16.15549442140351","0.44162083","3"
"096","0","13","[1453. 1865.]","[1443. 1872.]","12.206555615733702","4.827241516113281","[1439. 1871.]","15.231546211727817","0.32720851302146914","2","1","[1443. 1873.]","12.806248474865697","0.3242688","1"
"183","0","13","[1530. 1891.]","[1529. 1878.]","13.038404810405298","10.54623203277588","[1529. 1881.]","10.04987562112089","0.26082133054733275","0","4","[1533. 1873.]","18.24828759089466","0.33508912","1"
"052","0","13","[1688. 1875.]","[1683. 1878.]","5.830951894845301","3.439339542388916","[1680. 1875.]","8.0","0.3860593378543854","4","0","[1684. 1874.]","4.123105625617661","0.43407232","3"
"250","0","13","[1476. 1868.]","[1488. 1864.]","12.649110640673518","7.280469226837158","[1484. 1862.]","10.0","0.3425257384777069","3","3","[1488. 1873.]","13.0","0.34808934","1"
"073","0","13","[1539. 1856.]","[1527. 1869.]","17.69180601295413","7.581919574737549","[1522. 1870.]","22.02271554554524","0.3425953030586243","3","3","[1525. 1864.]","16.1245154965971","0.49660385","4"
"370","0","13","[1430. 1931.]","[1465. 1934.]","35.12833614050059","4.0401585578918455","[1463. 1931.]","33.0","0.39003021717071534","4","0","[1466. 1938.]","36.6742416417845","0.48163074","4"
"200","0","13","[1445. 1785.]","[1448. 1778.]","7.615773105863909","7.970443534851074","[1449. 1776.]","9.848857801796104","0.3158965289592743","2","3","[1458. 1780.]","13.92838827718412","0.4184141","3"
"095","0","13","[1600. 1912.]","[1600. 1913.]","1.0","5.350620985031128","[1598. 1909.]","3.605551275463989","0.3411860018968582","2","1","[1601. 1911.]","1.4142135623730951","0.3740207","2"
"230","0","13","[1542. 1803.]","[1544. 1805.]","2.8284271247461903","5.029751014709473","[1545. 1802.]","3.1622776601683795","0.3046764075756073","1","1","[1541. 1803.]","1.0","0.3212598","1"
"034","0","13","[1638. 1709.]","[1624. 1721.]","18.439088914585774","7.599763202667236","[1624. 1714.]","14.866068747318506","0.33818198144435885","2","3","[1624. 1724.]","20.518284528683193","0.3866321","2"
"204","0","13","[1313. 1933.]","[1305. 1935.]","8.246211251235321","11.3943434715271","[1300. 1938.]","13.92838827718412","0.25082283914089204","0","4","[1300. 1948.]","19.849433241279208","0.2977319","1"
"153","0","13","[1573. 1769.]","[1554. 1789.]","27.586228448267445","25.370995950698852","[1567. 1778.]","10.816653826391969","0.21865569651126862","0","4","[1556. 1790.]","27.018512172212592","0.42065144","3"
"055","0","13","[1546. 1754.]","[1545. 1752.]","2.23606797749979","4.093076419830322","[1542. 1751.]","5.0","0.31883919835090635","2","0","[1541. 1752.]","5.385164807134504","0.35324013","1"
"260","0","13","[1415. 1898.]","[1413. 1903.]","5.385164807134504","6.292728853225708","[1413. 1899.]","2.23606797749979","0.2928854912519455","1","2","[1406. 1901.]","9.486832980505138","0.35408816","2"
"065","0","13","[1565. 1799.]","[1562. 1802.]","4.242640687119285","4.835748291015625","[1559. 1800.]","6.082762530298219","0.4279510498046875","4","1","[1564. 1799.]","1.0","0.44643337","4"
"090","0","13","[1420. 1818.]","[1411. 1824.]","10.816653826391969","5.6549523830413815","[1409. 1824.]","12.529964086141668","0.3295103132724762","2","2","[1405. 1825.]","16.55294535724685","0.40162724","3"
"161","0","13","[1484. 1794.]","[1476. 1797.]","8.54400374531753","5.955559492111206","[1475. 1796.]","9.219544457292887","0.3500849545001984","3","2","[1466. 1798.]","18.439088914585774","0.4426773","4"
"300","0","13","[1524. 1712.]","[1513. 1718.]","12.529964086141668","7.231147289276123","[1513. 1713.]","11.045361017187261","0.36219114661216734","3","3","[1511. 1723.]","17.029386365926403","0.39477092","2"
"191","0","13","[1415. 1785.]","[1417. 1795.]","10.198039027185569","6.40078649520874","[1415. 1790.]","5.0","0.3366117119789124","2","2","[1412. 1798.]","13.341664064126334","0.3932945","2"
"131","0","13","[1397. 1724.]","[1395. 1724.]","2.0","5.229033374786377","[1394. 1720.]","5.0","0.2923880636692047","1","1","[1390. 1720.]","8.06225774829855","0.41772994","3"
"323","0","13","[1594. 1817.]","[1602. 1821.]","8.94427190999916","6.286473035812378","[1603. 1817.]","9.0","0.27732827365398405","0","2","[1609. 1817.]","15.0","0.40480003","3"
"127","0","13","[1575. 1802.]","[1575. 1798.]","4.0","5.468153762817383","[1573. 1797.]","5.385164807134504","0.3476766347885132","3","2","[1572. 1799.]","4.242640687119285","0.44415078","4"
"261","0","13","[1577. 1759.]","[1583. 1760.]","6.082762530298219","5.955783414840698","[1582. 1760.]","5.0990195135927845","0.33369230628013613","2","2","[1580. 1762.]","4.242640687119285","0.34468445","1"
"266","0","13","[1510. 1906.]","[1537. 1909.]","27.16615541441225","3.990673851966858","[1535. 1908.]","25.079872407968907","0.3769759714603424","4","0","[1541. 1911.]","31.400636936215164","0.39003617","2"
"202","0","13","[1557. 1874.]","[1560. 1879.]","5.830951894845301","5.027112531661987","[1560. 1878.]","5.0","0.3847933530807495","4","1","[1564. 1875.]","7.0710678118654755","0.37568465","2"
"337","0","13","[1452. 1793.]","[1454. 1791.]","2.8284271247461903","4.605650806427002","[1454. 1788.]","5.385164807134504","0.3505287170410156","3","0","[1451. 1789.]","4.123105625617661","0.45317593","4"
"268","0","13","[1505. 1831.]","[1522. 1830.]","17.029386365926403","7.28175163269043","[1520. 1830.]","15.033296378372908","0.25711236894130707","0","3","[1518. 1832.]","13.038404810405298","0.3098653","1"
"094","0","13","[1587. 1785.]","[1574. 1793.]","15.264337522473747","6.179912185668945","[1573. 1789.]","14.560219778561036","0.39254196882247927","4","2","[1573. 1790.]","14.866068747318506","0.47686568","4"
"343","0","13","[1389. 1769.]","[1398. 1770.]","9.055385138137417","6.505197763442993","[1393. 1768.]","4.123105625617661","0.3533637821674347","3","2","[1397. 1779.]","12.806248474865697","0.29857498","1"
"354","0","13","[1590. 1762.]","[1594. 1778.]","16.492422502470642","33.84066963195801","[1597. 1758.]","8.06225774829855","0.2987166285514832","1","4","[1594. 1761.]","4.123105625617661","0.32239735","1"
"256","0","13","[1460. 1773.]","[1457. 1772.]","3.1622776601683795","2.8804485321044924","[1454. 1769.]","7.211102550927978","0.39833799600601194","4","0","[1459. 1771.]","2.23606797749979","0.39089656","2"
"251","0","13","[1467. 1721.]","[1468. 1723.]","2.23606797749979","4.472418189048767","[1466. 1722.]","1.4142135623730951","0.3960985839366913","4","0","[1465. 1727.]","6.324555320336759","0.5651647","4"
"325","0","13","[1512. 1742.]","[1526. 1734.]","16.1245154965971","8.149969673156738","[1524. 1736.]","13.416407864998739","0.3813945442438126","4","3","[1519. 1738.]","8.06225774829855","0.4248452","3"
"168","0","13","[1671. 1804.]","[1677. 1802.]","6.324555320336759","4.274676036834717","[1676. 1802.]","5.385164807134504","0.33782432079315183","2","0","[1677. 1796.]","10.0","0.41683787","3"
"387","0","13","[1483. 1860.]","[1508. 1843.]","30.23243291566195","24.62454948425293","[1508. 1854.]","25.709920264364882","0.1536419838666916","0","4","[1525. 1845.]","44.598206241955516","0.29282275","0"
"327","0","13","[1596. 1859.]","[1602. 1846.]","14.317821063276353","9.231822204589843","[1603. 1845.]","15.652475842498529","0.26333171129226685","0","3","[1609. 1855.]","13.601470508735444","0.35506886","2"
"140","0","13","[1482. 1770.]","[1476. 1772.]","6.324555320336759","4.068739008903504","[1475. 1769.]","7.0710678118654755","0.34530200362205504","3","0","[1473. 1769.]","9.055385138137417","0.28513816","0"
"232","0","13","[1636. 1781.]","[1639. 1778.]","4.242640687119285","8.949493408203125","[1637. 1775.]","6.082762530298219","0.3286170780658722","2","3","[1647. 1788.]","13.038404810405298","0.5480438","4"
"027","1","13","[1569. 1839.]","[1556. 1839.]","13.0","4.366190338134766","[1555. 1835.]","14.560219778561036","0.2709886223077774","1","0","[1556. 1836.]","13.341664064126334","0.28809994","3"
"390","1","13","[1502. 1871.]","[1505. 1868.]","4.242640687119285","6.508100128173828","[1506. 1863.]","8.94427190999916","0.254363152384758","1","2","[1504. 1873.]","2.8284271247461903","0.26213685","2"
"129","1","13","[1557. 1830.]","[1542. 1849.]","24.20743687382041","11.126861667633056","[1545. 1848.]","21.633307652783937","0.22939109802246094","0","3","[1519. 1864.]","50.99019513592785","0.26514897","2"
"347","1","13","[1503. 1767.]","[1509. 1767.]","6.0","7.148056483268737","[1507. 1762.]","6.4031242374328485","0.29917592406272886","3","2","[1511. 1780.]","15.264337522473747","0.24848495","1"
"334","1","13","[1584. 1913.]","[1584. 1910.]","3.0","10.082019138336182","[1587. 1908.]","5.830951894845301","0.33935198485851287","4","3","[1572. 1930.]","20.808652046684813","0.25445247","2"
"389","1","13","[1532. 1923.]","[1538. 1924.]","6.082762530298219","6.494474864006042","[1538. 1927.]","7.211102550927978","0.2868183791637421","2","2","[1526. 1929.]","8.48528137423857","0.24874394","1"
"222","1","13","[1464. 1843.]","[1474. 1906.]","63.788713735268246","20.597824096679688","[1491. 1933.]","93.96275858019496","0.1106128066778183","0","4","[1481. 1930.]","88.64536084872124","0.47003195","4"
"109","1","13","[1425. 1896.]","[1410. 1894.]","15.132745950421556","5.495846748352051","[1413. 1892.]","12.649110640673518","0.325165256857872","4","1","[1413. 1894.]","12.165525060596439","0.29214436","3"
"054","1","13","[1561. 1735.]","[1550. 1741.]","12.529964086141668","6.230121994018555","[1545. 1740.]","16.76305461424021","0.28863068521022794","2","1","[1556. 1743.]","9.433981132056603","0.23822477","1"
"178","1","13","[1536. 1767.]","[1536. 1778.]","11.0","6.80759859085083","[1536. 1770.]","3.0","0.2467549264431","1","2","[1534. 1780.]","13.152946437965905","0.22273181","0"
"381","1","13","[1663. 1895.]","[1673. 1898.]","10.44030650891055","9.487895298004151","[1671. 1899.]","8.94427190999916","0.2596038579940796","1","3","[1670. 1894.]","7.0710678118654755","0.25440502","2"
"349","1","13","[1565. 1834.]","[1577. 1830.]","12.649110640673518","6.050318431854248","[1576. 1826.]","13.601470508735444","0.26338453590869904","1","1","[1579. 1827.]","15.652475842498529","0.3283559","4"
"319","1","13","[1414. 1849.]","[1419. 1844.]","7.0710678118654755","10.356100225448609","[1415. 1843.]","6.082762530298219","0.25941241830587386","1","3","[1412. 1864.]","15.132745950421556","0.22557977","0"
"238","1","13","[1491. 1922.]","[1498. 1916.]","9.219544457292887","5.970700263977051","[1498. 1911.]","13.038404810405298","0.2812598168849945","2","1","[1496. 1911.]","12.083045973594572","0.20686999","0"
"088","1","13","[1430. 1796.]","[1426. 1794.]","4.47213595499958","4.956905937194824","[1425. 1796.]","5.0","0.23808149099349976","1","0","[1420. 1799.]","10.44030650891055","0.31412807","4"
"299","1","13","[1589. 1884.]","[1596. 1881.]","7.615773105863909","6.384944868087769","[1593. 1881.]","5.0","0.303427118062973","3","2","[1587. 1892.]","8.246211251235321","0.33135316","4"
"314","1","13","[1451. 1753.]","[1452. 1747.]","6.082762530298219","5.722122859954834","[1452. 1742.]","11.045361017187261","0.32295540571212766","4","1","[1451. 1752.]","1.0","0.20345917","0"
"180","1","13","[1621. 1813.]","[1616. 1810.]","5.830951894845301","5.6064362049102785","[1613. 1807.]","10.0","0.2821209132671356","2","1","[1616. 1817.]","6.4031242374328485","0.31203523","4"
"373","1","13","[1525. 1864.]","[1533. 1865.]","8.06225774829855","9.410846042633057","[1536. 1865.]","11.045361017187261","0.2572989135980606","1","3","[1526. 1874.]","10.04987562112089","0.2983424","3"
"242","1","13","[1514. 1701.]","[1515. 1700.]","1.4142135623730951","4.863556957244873","[1510. 1699.]","4.47213595499958","0.28661048412323","2","0","[1518. 1705.]","5.656854249492381","0.2579362","2"
"322","1","13","[1544. 1867.]","[1548. 1871.]","5.656854249492381","3.0649110794067385","[1546. 1870.]","3.605551275463989","0.28776865303516386","2","0","[1548. 1874.]","8.06225774829855","0.29860684","3"
"312","1","13","[1364. 2006.]","[1365. 2005.]","1.4142135623730951","4.32575831413269","[1363. 2003.]","3.1622776601683795","0.27835099697113036","2","0","[1360. 2006.]","4.0","0.18529665","0"
"320","1","13","[1576. 1768.]","[1575. 1766.]","2.23606797749979","6.340098094940186","[1573. 1758.]","10.44030650891055","0.2733090579509735","1","2","[1571. 1779.]","12.083045973594572","0.25457567","2"
"395","1","13","[1608. 1786.]","[1611. 1813.]","27.16615541441225","38.76519546508789","[1626. 1787.]","18.027756377319946","0.12139722406864166","0","4","[1603. 1873.]","87.14355971613737","0.23544654","1"
"173","1","13","[1571. 1849.]","[1577. 1848.]","6.082762530298219","4.20293025970459","[1575. 1846.]","5.0","0.3366424351930618","4","0","[1579. 1855.]","10.0","0.26968485","2"
"015","1","13","[1490. 1885.]","[1485. 1907.]","22.561028345356956","7.490685844421387","[1484. 1909.]","24.73863375370596","0.31176336407661437","3","3","[1481. 1893.]","12.041594578792296","0.1892671","0"
"192","1","13","[1572. 1836.]","[1572. 1837.]","1.0","5.68041615486145","[1572. 1832.]","4.0","0.3509152799844742","4","1","[1578. 1832.]","7.211102550927978","0.22809082","1"
"078","1","13","[1575. 1751.]","[1577. 1755.]","4.47213595499958","6.016944456100464","[1574. 1752.]","1.4142135623730951","0.3294791609048843","4","1","[1578. 1742.]","9.486832980505138","0.29490694","3"
"377","1","13","[1573. 1763.]","[1572. 1780.]","17.029386365926403","32.60353832244873","[1580. 1760.]","7.615773105863909","0.2795621633529663","2","4","[1542. 1854.]","96.13532129243653","0.2334341","1"
"335","1","13","[1439. 1717.]","[1449. 1710.]","12.206555615733702","7.345628261566162","[1448. 1709.]","12.041594578792296","0.26569983661174773","1","2","[1451. 1710.]","13.892443989449804","0.235737","1"
"101","1","13","[1529. 1748.]","[1521. 1751.]","8.54400374531753","8.290082430839538","[1516. 1755.]","14.7648230602334","0.24848187565803528","1","3","[1524. 1747.]","5.0990195135927845","0.20902403","0"
"267","1","13","[1442. 1755.]","[1428. 1781.]","29.5296461204668","34.064494895935056","[1431. 1759.]","11.704699910719626","0.1770849496126175","0","4","[1413. 1761.]","29.614185789921695","0.23785488","1"
"369","1","13","[1347. 1756.]","[1366. 1755.]","19.026297590440446","38.47330827713013","[1365. 1755.]","18.027756377319946","0.14613593816757203","0","4","[1398. 1827.]","87.41853350405736","0.22498529","0"
"110","1","13","[1599. 1801.]","[1591. 1789.]","14.422205101855956","33.680979347229005","[1601. 1810.]","9.219544457292887","0.17168017625808715","0","4","[1609. 1804.]","10.44030650891055","0.20530502","0"
"135","1","13","[1577. 1830.]","[1575. 1828.]","2.8284271247461903","5.389873194694519","[1575. 1826.]","4.47213595499958","0.29331186711788176","2","1","[1579. 1818.]","12.165525060596439","0.3089084","4"
"066","1","13","[1516. 1746.]","[1505. 1759.]","17.029386365926403","32.90055885314941","[1510. 1738.]","10.0","0.21798513531684877","0","4","[1526. 1742.]","10.770329614269007","0.26812994","2"
"272","1","13","[1658. 1925.]","[1649. 1917.]","12.041594578792296","29.95151557922363","[1664. 1927.]","6.324555320336759","0.22487983107566833","0","4","[1594. 1868.]","85.70297544426332","0.25501257","2"
"315","1","13","[1622. 1766.]","[1627. 1763.]","5.830951894845301","5.552932929992676","[1625. 1762.]","5.0","0.2865151226520538","2","1","[1624. 1757.]","9.219544457292887","0.2650146","2"
"047","1","13","[1463. 1846.]","[1454. 1860.]","16.64331697709324","9.878514289855957","[1453. 1854.]","12.806248474865697","0.24477099776268005","1","3","[1465. 1869.]","23.08679276123039","0.27935946","3"
"059","1","13","[1465. 1672.]","[1457. 1688.]","17.88854381999832","10.333728981018066","[1454. 1683.]","15.556349186104045","0.25795919001102446","1","3","[1458. 1704.]","32.7566787083184","0.29711086","3"
"382","1","13","[1385. 1765.]","[1401. 1759.]","17.08800749063506","4.458255815505981","[1396. 1759.]","12.529964086141668","0.30547459721565245","3","0","[1405. 1761.]","20.396078054371138","0.30322424","3"
"056","1","13","[1392. 1971.]","[1396. 1963.]","8.94427190999916","6.132563257217408","[1394. 1963.]","8.246211251235321","0.2686174541711807","1","1","[1390. 1968.]","3.605551275463989","0.20170318","0"
"159","1","13","[1495. 1649.]","[1493. 1657.]","8.246211251235321","7.044001483917237","[1489. 1656.]","9.219544457292887","0.29413064420223234","2","2","[1496. 1667.]","18.027756377319946","0.27057713","3"
"264","1","13","[1585. 1806.]","[1575. 1840.]","35.4400902933387","68.45523223876953","[1596. 1802.]","11.704699910719626","0.07939111590385436","0","4","[1609. 1808.]","24.08318915758459","0.24446404","1"
"199","1","13","[1457. 1858.]","[1437. 1871.]","23.853720883753127","29.693539810180663","[1453. 1868.]","10.770329614269007","0.20675249695777892","0","4","[1465. 1872.]","16.1245154965971","0.25864795","2"
"189","1","13","[1412. 1784.]","[1413. 1786.]","2.23606797749979","4.7909505605697635","[1413. 1787.]","3.1622776601683795","0.29828393161296846","3","0","[1405. 1790.]","9.219544457292887","0.34311703","4"
"201","1","13","[1499. 1828.]","[1513. 1822.]","15.231546211727817","8.756861209869385","[1514. 1815.]","19.849433241279208","0.20850659906864166","0","3","[1518. 1817.]","21.95449840010015","0.24230382","1"
"165","1","13","[1367. 1754.]","[1368. 1750.]","4.123105625617661","7.645989274978637","[1367. 1750.]","4.0","0.2686727851629257","1","3","[1367. 1742.]","12.0","0.28719348","3"
"057","1","13","[1471. 1751.]","[1463. 1750.]","8.06225774829855","4.390595531463623","[1460. 1750.]","11.045361017187261","0.32226484417915346","4","0","[1466. 1749.]","5.385164807134504","0.3217478","4"
"050","1","13","[1660. 1866.]","[1652. 1873.]","10.63014581273465","7.196312808990479","[1651. 1869.]","9.486832980505138","0.3183351278305054","4","2","[1648. 1879.]","17.69180601295413","0.28012204","3"
"193","1","13","[1435. 1789.]","[1427. 1797.]","11.313708498984761","4.475193166732788","[1424. 1795.]","12.529964086141668","0.36293389201164244","4","0","[1435. 1796.]","7.0","0.30727994","4"
"344","1","13","[1526. 1790.]","[1531. 1785.]","7.0710678118654755","10.28505334854126","[1535. 1787.]","9.486832980505138","0.27457388043403624","1","3","[1523. 1784.]","6.708203932499369","0.21517602","0"
"229","1","13","[1643. 1863.]","[1654. 1869.]","12.529964086141668","6.14525671005249","[1656. 1863.]","13.0","0.2998260289430618","3","1","[1647. 1874.]","11.704699910719626","0.25514168","2"
"025","1","13","[1363. 2030.]","[1358. 2020.]","11.180339887498949","6.335152816772461","[1359. 2021.]","9.848857801796104","0.27663177251815796","1","2","[1360. 2024.]","6.708203932499369","0.30511189","4"
"355","1","13","[1584. 1874.]","[1583. 1880.]","6.082762530298219","3.5379621982574463","[1581. 1880.]","6.708203932499369","0.3420803964138031","4","0","[1587. 1874.]","3.0","0.2884727","3"
"074","1","13","[1634. 1774.]","[1616. 1784.]","20.591260281974","27.465784072875977","[1626. 1770.]","8.94427190999916","0.282266703248024","2","4","[1564. 1827.]","87.80091115700337","0.25615028","2"
"321","1","13","[1467. 1941.]","[1458. 1947.]","10.816653826391969","5.437072658538819","[1454. 1945.]","13.601470508735444","0.21794945001602173","0","1","[1466. 1948.]","7.0710678118654755","0.24312994","1"
"218","1","13","[1514. 1735.]","[1510. 1745.]","10.770329614269007","6.975429606437683","[1508. 1744.]","10.816653826391969","0.28481957912445066","2","2","[1511. 1744.]","9.486832980505138","0.29878637","3"
"020","1","13","[1464. 1846.]","[1443. 1867.]","29.698484809834994","29.935972595214842","[1454. 1853.]","12.206555615733702","0.2057043731212616","0","4","[1466. 1864.]","18.110770276274835","0.27702513","3"
"275","1","13","[1549. 2023.]","[1573. 2011.]","26.832815729997478","5.559980392456055","[1567. 2012.]","21.095023109728988","0.29107425808906556","2","1","[1572. 2014.]","24.698178070456937","0.25093207","2"
"187","1","13","[1570. 1880.]","[1572. 1884.]","4.47213595499958","6.370701551437378","[1567. 1881.]","3.1622776601683795","0.3123546063899994","3","2","[1571. 1892.]","12.041594578792296","0.25652447","2"
"169","1","13","[1469. 2036.]","[1470. 2037.]","1.4142135623730951","4.022265625","[1469. 2033.]","3.0","0.3597067356109619","4","0","[1466. 2042.]","6.708203932499369","0.39192986","4"
"081","1","13","[1495. 1862.]","[1488. 1877.]","16.55294535724685","7.574658012390136","[1485. 1876.]","17.204650534085253","0.33892939388751986","4","3","[1503. 1870.]","11.313708498984761","0.27011237","2"
"162","1","13","[1674. 1899.]","[1669. 1902.]","5.830951894845301","5.660892009735107","[1671. 1900.]","3.1622776601683795","0.28215484917163847","2","1","[1663. 1893.]","12.529964086141668","0.19951352","0"
"024","1","13","[1500. 1882.]","[1484. 1882.]","16.0","5.265331244468689","[1481. 1880.]","19.1049731745428","0.3083222359418869","3","1","[1481. 1892.]","21.470910553583888","0.24381779","1"
"333","1","13","[1516. 1807.]","[1517. 1809.]","2.23606797749979","4.097001075744629","[1515. 1805.]","2.23606797749979","0.34377780854701995","4","0","[1519. 1815.]","8.54400374531753","0.28152224","3"
"005","1","13","[1490. 1776.]","[1488. 1773.]","3.605551275463989","4.3674205303192135","[1484. 1772.]","7.211102550927978","0.38116617500782013","4","0","[1488. 1779.]","3.605551275463989","0.2594528","2"
"237","1","13","[1403. 1926.]","[1414. 1922.]","11.704699910719626","9.862526607513427","[1416. 1920.]","14.317821063276353","0.27220500111579893","1","3","[1405. 1930.]","4.47213595499958","0.27523184","3"
"148","1","13","[1426. 1854.]","[1421. 1854.]","5.0","5.280893611907959","[1422. 1852.]","4.47213595499958","0.3343494385480881","4","1","[1412. 1864.]","17.204650534085253","0.2585138","2"
"152","1","13","[1394. 1870.]","[1397. 1864.]","6.708203932499369","6.667960357666016","[1393. 1863.]","7.0710678118654755","0.28306031227111816","2","2","[1404. 1871.]","10.04987562112089","0.23787262","1"
"086","1","13","[1668. 1782.]","[1663. 1784.]","5.385164807134504","6.287682914733887","[1663. 1787.]","7.0710678118654755","0.29275735914707185","2","1","[1654. 1789.]","15.652475842498529","0.20686789","0"
"155","1","13","[1432. 1758.]","[1429. 1757.]","3.1622776601683795","4.3785844326019285","[1424. 1756.]","8.246211251235321","0.3427205830812454","4","0","[1435. 1757.]","3.1622776601683795","0.2482281","1"
"240","1","13","[1578. 1969.]","[1578. 1964.]","5.0","4.520225238800049","[1575. 1962.]","7.615773105863909","0.327183735370636","4","0","[1580. 1964.]","5.385164807134504","0.24794908","1"
"087","1","13","[1497. 1925.]","[1473. 1920.]","24.515301344262525","29.661512184143067","[1491. 1919.]","8.48528137423857","0.23060961067676544","1","4","[1481. 1930.]","16.76305461424021","0.24456558","1"
"185","1","13","[1465. 1865.]","[1475. 1863.]","10.198039027185569","5.11695966720581","[1472. 1862.]","7.615773105863909","0.2903761982917786","2","1","[1473. 1864.]","8.06225774829855","0.24048202","1"
"051","1","13","[1501. 1756.]","[1510. 1770.]","16.64331697709324","26.80606880187988","[1498. 1759.]","4.242640687119285","0.2593809962272644","1","4","[1556. 1817.]","82.13403679352427","0.26330763","2"
"149","1","13","[1576. 1818.]","[1563. 1809.]","15.811388300841896","26.61873149871826","[1574. 1807.]","11.180339887498949","0.23986514508724213","1","4","[1586. 1808.]","14.142135623730951","0.29124883","3"
"062","1","13","[1583. 1834.]","[1568. 1840.]","16.15549442140351","7.833913135528564","[1570. 1831.]","13.341664064126334","0.27943373322486875","2","3","[1571. 1855.]","24.186773244895647","0.18853942","0"
"068","1","13","[1732. 1868.]","[1723. 1872.]","9.848857801796104","3.756568431854248","[1724. 1871.]","8.54400374531753","0.34478211104869844","4","0","[1715. 1874.]","18.027756377319946","0.22496411","0"
"163","1","13","[1589. 1837.]","[1580. 1851.]","16.64331697709324","7.125722789764405","[1581. 1845.]","11.313708498984761","0.26053926050662995","1","2","[1579. 1864.]","28.792360097775937","0.2575941","2"
"182","1","13","[1499. 1816.]","[1502. 1811.]","5.830951894845301","14.789466857910156","[1492. 1815.]","7.0710678118654755","0.21605043411254882","0","4","[1526. 1799.]","31.906112267087632","0.1774868","0"
"099","1","13","[1542. 1660.]","[1529. 1675.]","19.849433241279208","9.188864374160767","[1529. 1674.]","19.1049731745428","0.2200831174850464","0","3","[1526. 1686.]","30.528675044947494","0.23354726","1"
"117","1","13","[1538. 1761.]","[1533. 1775.]","14.866068747318506","7.7959675788879395","[1528. 1773.]","15.620499351813308","0.24396844804286957","1","3","[1526. 1785.]","26.832815729997478","0.27262717","3"
"102","1","13","[1545. 1896.]","[1533. 1902.]","13.416407864998739","7.314231109619141","[1535. 1899.]","10.44030650891055","0.3509566932916641","4","2","[1531. 1906.]","17.204650534085253","0.16725974","0"
"164","1","13","[1407. 1851.]","[1411. 1847.]","5.656854249492381","11.069568920135499","[1415. 1842.]","12.041594578792296","0.2556390196084976","1","3","[1398. 1864.]","15.811388300841896","0.23650709","1"
"097","1","13","[1655. 1850.]","[1655. 1850.]","0.0","9.678948879241943","[1656. 1841.]","9.055385138137417","0.24050579071044922","1","3","[1640. 1863.]","19.849433241279208","0.23905121","1"
"213","1","13","[1467. 1834.]","[1472. 1841.]","8.602325267042627","10.560484790802002","[1471. 1838.]","5.656854249492381","0.22741681039333345","0","3","[1462. 1860.]","26.476404589747453","0.19018902","0"
"225","1","13","[1385. 1763.]","[1394. 1767.]","9.848857801796104","7.0092470169067385","[1393. 1760.]","8.54400374531753","0.3213643252849579","4","2","[1397. 1780.]","20.808652046684813","0.27423492","3"
"179","1","13","[1758. 1793.]","[1751. 1813.]","21.18962010041709","34.51498908996582","[1762. 1790.]","5.0","0.24429766833782196","1","4","[1715. 1892.]","107.93516572461452","0.24920018","1"
"374","1","13","[1495. 1927.]","[1506. 1928.]","11.045361017187261","8.61670904159546","[1506. 1929.]","11.180339887498949","0.2251117706298828","0","3","[1511. 1930.]","16.278820596099706","0.2134665","0"
"022","1","13","[1580. 1787.]","[1572. 1792.]","9.433981132056603","5.8555521965026855","[1568. 1788.]","12.041594578792296","0.2865438759326935","2","1","[1579. 1789.]","2.23606797749979","0.32951462","4"
"376","1","13","[1426. 1761.]","[1436. 1762.]","10.04987562112089","5.8019695520401005","[1431. 1760.]","5.0990195135927845","0.28871053755283355","2","1","[1435. 1761.]","9.0","0.21968278","0"
"280","1","13","[1375. 1977.]","[1394. 1964.]","23.021728866442675","4.185136318206787","[1393. 1964.]","22.20360331117452","0.23948845267295837","1","0","[1390. 1968.]","17.4928556845359","0.1767201","0"
"188","1","13","[1363. 1894.]","[1349. 1904.]","17.204650534085253","9.062440204620362","[1340. 1901.]","24.041630560342615","0.24882978796958924","1","3","[1352. 1911.]","20.248456731316587","0.27208757","3"
"307","1","13","[1554. 1739.]","[1551. 1741.]","3.605551275463989","6.047288703918457","[1546. 1740.]","8.06225774829855","0.2890533208847046","2","1","[1564. 1742.]","10.44030650891055","0.26857147","2"
"311","1","13","[1443. 1915.]","[1437. 1911.]","7.211102550927978","10.275803089141846","[1435. 1910.]","9.433981132056603","0.23501842319965363","1","3","[1436. 1911.]","8.06225774829855","0.21741033","0"
"177","1","13","[1659. 1731.]","[1655. 1732.]","4.123105625617661","8.359797954559326","[1654. 1728.]","5.830951894845301","0.29044962823390963","2","3","[1655. 1741.]","10.770329614269007","0.2706826","3"
"273","1","13","[1597. 1839.]","[1586. 1832.]","13.038404810405298","29.784113502502443","[1607. 1843.]","10.770329614269007","0.18278649300336838","0","4","[1594. 1846.]","7.615773105863909","0.14720057","0"
"031","1","13","[1602. 1745.]","[1560. 1766.]","46.95742752749558","39.7721508026123","[1592. 1754.]","13.45362404707371","0.19717839360237122","0","4","[1587. 1752.]","16.55294535724685","0.31838927","4"
"386","1","13","[1512. 1759.]","[1512. 1768.]","9.0","6.590871429443359","[1510. 1764.]","5.385164807134504","0.2353195995092392","1","2","[1511. 1779.]","20.024984394500787","0.2520872","2"
"228","2","13","[1555. 1879.]","[1529. 1872.]","26.92582403567252","32.52705631256104","[1552. 1873.]","6.708203932499369","0.10740184634923935","0","4","[1534. 1845.]","39.96248240537617","0.27728492","0"
"063","2","13","[1567. 1820.]","[1559. 1842.]","23.40939982143925","10.020267772674561","[1553. 1844.]","27.784887978899608","0.31250918060541155","1","4","[1550. 1845.]","30.23243291566195","0.41472876","2"
"157","2","13","[1424. 1786.]","[1427. 1786.]","3.0","3.521850085258484","[1426. 1787.]","2.23606797749979","0.4329174816608429","4","0","[1428. 1789.]","5.0","0.6227788","4"
"103","2","13","[1523. 1822.]","[1506. 1824.]","17.11724276862369","4.725023698806763","[1504. 1824.]","19.1049731745428","0.28338479697704316","0","1","[1504. 1826.]","19.4164878389476","0.3031679","0"
"359","2","13","[1424. 1606.]","[1426. 1605.]","2.23606797749979","6.488363647460938","[1424. 1602.]","4.0","0.35171379446983336","2","3","[1427. 1611.]","5.830951894845301","0.40758282","2"
"357","2","13","[1606. 1861.]","[1612. 1864.]","6.708203932499369","3.2370726585388185","[1610. 1862.]","4.123105625617661","0.43220979571342466","4","0","[1616. 1863.]","10.198039027185569","0.64474577","4"
"236","2","13","[1479. 2041.]","[1498. 2037.]","19.4164878389476","11.382376289367675","[1490. 2034.]","13.038404810405298","0.19521543085575105","0","4","[1518. 2042.]","39.01281840626232","0.32812524","0"
"340","2","13","[1562. 1880.]","[1576. 1880.]","14.0","5.371765565872193","[1573. 1881.]","11.045361017187261","0.4041308403015137","3","1","[1577. 1884.]","15.524174696260024","0.46063712","2"
"042","2","13","[1503. 1690.]","[1498. 1694.]","6.4031242374328485","5.028071165084839","[1495. 1692.]","8.246211251235321","0.36498320698738096","2","1","[1496. 1696.]","9.219544457292887","0.4575719","2"
"383","2","13","[1504. 1758.]","[1510. 1758.]","6.0","5.058692407608032","[1508. 1759.]","4.123105625617661","0.4195286393165588","4","1","[1511. 1760.]","7.280109889280518","0.5090311","3"
"003","2","13","[1595. 1687.]","[1585. 1693.]","11.661903789690601","7.245750617980957","[1584. 1693.]","12.529964086141668","0.42933477759361266","4","3","[1595. 1695.]","8.0","0.577125","4"
"360","2","13","[1549. 1778.]","[1555. 1778.]","6.0","7.830586338043213","[1552. 1779.]","3.1622776601683795","0.299901282787323","1","4","[1553. 1782.]","5.656854249492381","0.32572937","0"
"331","2","13","[1447. 1932.]","[1453. 1935.]","6.708203932499369","7.326104831695557","[1452. 1930.]","5.385164807134504","0.3218283414840698","1","3","[1458. 1938.]","12.529964086141668","0.2863258","0"
"137","2","13","[1723. 1843.]","[1718. 1850.]","8.602325267042627","7.360627365112305","[1715. 1848.]","9.433981132056603","0.38181304931640625","3","3","[1721. 1843.]","2.0","0.45050836","2"
"371","2","13","[1486. 1734.]","[1513. 1733.]","27.018512172212592","5.315415668487549","[1510. 1733.]","24.020824298928627","0.4378320097923279","4","1","[1515. 1730.]","29.274562336608895","0.48380393","3"
"075","2","13","[1467. 1861.]","[1455. 1858.]","12.36931687685298","4.228626012802124","[1456. 1861.]","11.0","0.3363607883453369","2","0","[1458. 1855.]","10.816653826391969","0.37622863","1"
"215","2","13","[1522. 1783.]","[1531. 1783.]","9.0","7.24640474319458","[1533. 1780.]","11.40175425099138","0.39070276021957395","3","3","[1526. 1789.]","7.211102550927978","0.4071557","2"
"258","2","13","[1462. 1834.]","[1461. 1842.]","8.06225774829855","5.293435192108154","[1462. 1841.]","7.0","0.3370063126087189","2","1","[1469. 1841.]","9.899494936611665","0.47390908","3"
"017","2","13","[1606. 1898.]","[1599. 1900.]","7.280109889280518","4.138336086273194","[1598. 1900.]","8.246211251235321","0.43728930354118345","4","0","[1595. 1903.]","12.083045973594572","0.53384256","4"
"241","2","13","[1604. 1751.]","[1601. 1751.]","3.0","6.0354790687561035","[1599. 1750.]","5.0990195135927845","0.3814024806022644","3","2","[1594. 1760.]","13.45362404707371","0.4290939","2"
"196","2","13","[1600. 1881.]","[1603. 1881.]","3.0","5.247100782394409","[1603. 1882.]","3.1622776601683795","0.38263204097747805","3","1","[1596. 1882.]","4.123105625617661","0.3418874","1"
"036","2","13","[1388. 1832.]","[1388. 1840.]","8.0","6.515319156646728","[1386. 1843.]","11.180339887498949","0.32550230622291565","1","3","[1383. 1845.]","13.92838827718412","0.43811825","2"
"294","2","13","[1348. 1902.]","[1362. 1899.]","14.317821063276353","6.717264223098755","[1359. 1897.]","12.083045973594572","0.3176220923662186","1","3","[1352. 1910.]","8.94427190999916","0.38765725","1"
"289","2","13","[1583. 1787.]","[1594. 1784.]","11.40175425099138","5.105524635314941","[1594. 1780.]","13.038404810405298","0.4460127353668213","4","1","[1594. 1780.]","13.038404810405298","0.51565504","3"
"207","2","13","[1404. 1726.]","[1415. 1717.]","14.212670403551895","6.690074062347412","[1412. 1721.]","9.433981132056603","0.2821025729179382","0","3","[1421. 1715.]","20.248456731316587","0.32847697","0"
"313","2","13","[1343. 1906.]","[1353. 1904.]","10.198039027185569","10.771160411834718","[1354. 1900.]","12.529964086141668","0.2715276926755905","0","4","[1364. 1897.]","22.847319317591726","0.26829913","0"
"043","2","13","[1487. 1798.]","[1484. 1797.]","3.1622776601683795","6.90524206161499","[1483. 1797.]","4.123105625617661","0.41011539101600647","3","3","[1482. 1799.]","5.0990195135927845","0.48768437","3"
"338","2","13","[1519. 1894.]","[1525. 1897.]","6.708203932499369","5.362762451171875","[1523. 1899.]","6.4031242374328485","0.28394112586975095","0","1","[1526. 1902.]","10.63014581273465","0.3691964","1"
"116","2","13","[1707. 1806.]","[1705. 1801.]","5.385164807134504","4.099195528030395","[1703. 1798.]","8.94427190999916","0.45217462778091433","4","0","[1700. 1799.]","9.899494936611665","0.59232897","4"
"341","2","13","[1480. 1827.]","[1483. 1819.]","8.54400374531753","4.643281030654907","[1482. 1818.]","9.219544457292887","0.39640830755233764","3","1","[1482. 1826.]","2.23606797749979","0.42005566","2"
"035","2","13","[1462. 1754.]","[1452. 1758.]","10.770329614269007","4.837748765945435","[1451. 1759.]","12.083045973594572","0.391757595539093","3","1","[1452. 1762.]","12.806248474865697","0.47301173","3"
"298","2","13","[1482. 2016.]","[1492. 2012.]","10.770329614269007","13.801859188079835","[1490. 2013.]","8.54400374531753","0.25619110763072966","0","4","[1518. 2004.]","37.94733192202055","0.30823562","0"
"037","2","13","[1537. 1868.]","[1539. 1917.]","49.040799340956916","46.466831588745116","[1535. 1882.]","14.142135623730951","0.17657002806663513","0","4","[1534. 1892.]","24.186773244895647","0.2199445","0"
"093","2","13","[1536. 1779.]","[1526. 1781.]","10.198039027185569","4.819848346710205","[1523. 1779.]","13.0","0.3653914093971252","2","1","[1533. 1779.]","3.0","0.35465878","1"
"111","2","13","[1468. 1814.]","[1470. 1816.]","2.8284271247461903","7.192470121383667","[1464. 1815.]","4.123105625617661","0.3288003146648407","2","3","[1466. 1817.]","3.605551275463989","0.4522843","2"
"098","2","13","[1543. 1735.]","[1543. 1739.]","4.0","3.9998943328857424","[1540. 1739.]","5.0","0.4112732827663422","3","0","[1541. 1741.]","6.324555320336759","0.45735916","2"
"246","2","13","[1496. 1641.]","[1510. 1638.]","14.317821063276353","3.554132914543152","[1509. 1637.]","13.601470508735444","0.39524613618850707","3","0","[1503. 1639.]","7.280109889280518","0.47005236","3"
"285","2","13","[1406. 1978.]","[1424. 1969.]","20.12461179749811","3.127838468551636","[1423. 1967.]","20.248456731316587","0.3602966725826263","2","0","[1424. 1972.]","18.973665961010276","0.35597622","1"
"100","2","13","[1459. 1941.]","[1460. 1943.]","2.23606797749979","4.5099646091461185","[1459. 1945.]","4.0","0.35495018362998965","2","0","[1456. 1946.]","5.830951894845301","0.3033376","0"
"181","2","13","[1490. 1799.]","[1509. 1786.]","23.021728866442675","4.679579734802246","[1507. 1787.]","20.808652046684813","0.4103474497795105","3","1","[1511. 1791.]","22.47220505424423","0.45504078","2"
"278","2","13","[1491. 1651.]","[1499. 1651.]","8.0","4.524418044090271","[1497. 1649.]","6.324555320336759","0.34195812940597536","2","0","[1497. 1648.]","6.708203932499369","0.37672573","1"
"330","2","13","[1420. 1918.]","[1427. 1916.]","7.280109889280518","5.289028644561768","[1425. 1918.]","5.0","0.4527540445327759","4","1","[1427. 1920.]","7.280109889280518","0.5941951","4"
"297","2","13","[1418. 1804.]","[1428. 1794.]","14.142135623730951","3.951174736022949","[1427. 1797.]","11.40175425099138","0.36561903953552244","2","0","[1428. 1790.]","17.204650534085253","0.45616236","2"
"190","2","13","[1421. 1721.]","[1423. 1721.]","2.0","3.3735913276672362","[1423. 1721.]","2.0","0.48367812633514407","4","0","[1423. 1717.]","4.47213595499958","0.707033","4"
"142","2","13","[1430. 1730.]","[1430. 1725.]","5.0","4.112124681472778","[1428. 1724.]","6.324555320336759","0.4299241125583649","4","0","[1428. 1724.]","6.324555320336759","0.55731905","4"
"112","2","13","[1613. 1760.]","[1605. 1763.]","8.54400374531753","3.837187886238098","[1603. 1761.]","10.04987562112089","0.44145668148994444","4","0","[1603. 1769.]","13.45362404707371","0.58858883","4"
"176","2","13","[1615. 1719.]","[1622. 1718.]","7.0710678118654755","8.067509937286378","[1620. 1713.]","7.810249675906654","0.3335940420627594","2","4","[1618. 1714.]","5.830951894845301","0.5306528","4"
"144","2","13","[1582. 1844.]","[1571. 1851.]","13.038404810405298","4.663960647583008","[1568. 1852.]","16.1245154965971","0.4532616376876831","4","1","[1572. 1847.]","10.44030650891055","0.54183185","4"
"269","2","13","[1427. 1998.]","[1437. 1999.]","10.04987562112089","8.278888034820557","[1444. 2001.]","17.26267650163207","0.2854438483715057","0","4","[1440. 2000.]","13.152946437965905","0.4167349","2"
"367","2","13","[1520. 1746.]","[1539. 1742.]","19.4164878389476","5.25507287979126","[1536. 1741.]","16.76305461424021","0.35201859176158906","2","1","[1534. 1740.]","15.231546211727817","0.4867403","3"
"170","2","13","[1471. 1822.]","[1469. 1816.]","6.324555320336759","4.659120655059814","[1466. 1816.]","7.810249675906654","0.4124912679195404","3","1","[1466. 1817.]","7.0710678118654755","0.5441729","4"
"172","2","13","[1480. 2030.]","[1486. 2026.]","7.211102550927978","6.691793966293335","[1486. 2023.]","9.219544457292887","0.32090539634227755","1","3","[1488. 2024.]","10.0","0.37508884","1"
"023","2","13","[1708. 1944.]","[1704. 1942.]","4.47213595499958","4.656394529342651","[1704. 1938.]","7.211102550927978","0.45223788917064667","4","1","[1706. 1940.]","4.47213595499958","0.68525076","4"
"158","2","13","[1615. 1784.]","[1614. 1782.]","2.23606797749979","4.588297319412232","[1615. 1779.]","5.0","0.3630917429924011","2","0","[1617. 1780.]","4.47213595499958","0.41199434","2"
"133","2","13","[1479. 1634.]","[1473. 1634.]","6.0","6.357549381256104","[1474. 1636.]","5.385164807134504","0.4554496884346008","4","3","[1471. 1638.]","8.94427190999916","0.58237904","4"
"339","2","13","[1730. 1869.]","[1734. 1865.]","5.656854249492381","4.824621105194092","[1733. 1863.]","6.708203932499369","0.4409596502780914","4","1","[1738. 1864.]","9.433981132056603","0.5460625","4"
"372","2","13","[1520. 1726.]","[1533. 1726.]","13.0","3.933464765548706","[1531. 1725.]","11.045361017187261","0.38389280140399934","3","0","[1530. 1727.]","10.04987562112089","0.43124667","2"
"279","2","13","[1471. 1899.]","[1482. 1895.]","11.704699910719626","4.761626768112182","[1481. 1892.]","12.206555615733702","0.41651023030281065","3","1","[1480. 1891.]","12.041594578792296","0.45080274","2"
"317","2","13","[1496. 1726.]","[1504. 1734.]","11.313708498984761","6.068184947967529","[1504. 1731.]","9.433981132056603","0.28373688757419585","0","2","[1501. 1733.]","8.602325267042627","0.41348508","2"
"067","2","13","[1609. 1842.]","[1600. 1866.]","25.632011235952593","31.199548721313477","[1602. 1845.]","7.615773105863909","0.36096820831298826","2","4","[1603. 1846.]","7.211102550927978","0.76967835","4"
"296","2","13","[1602. 1812.]","[1613. 1812.]","11.0","5.603377413749695","[1611. 1808.]","9.848857801796104","0.44806448221206663","4","2","[1610. 1816.]","8.94427190999916","0.47258267","3"
"379","2","13","[1557. 1768.]","[1570. 1768.]","13.0","3.2556244373321532","[1567. 1768.]","10.0","0.4118863880634308","3","0","[1570. 1769.]","13.038404810405298","0.4848346","3"
"120","2","13","[1632. 1891.]","[1630. 1893.]","2.8284271247461903","3.1332618474960325","[1626. 1890.]","6.082762530298219","0.30601433515548704","1","0","[1631. 1892.]","1.4142135623730951","0.27626282","0"
"239","2","13","[1451. 2037.]","[1459. 2033.]","8.94427190999916","4.664419317245484","[1456. 2032.]","7.0710678118654755","0.39373878836631776","3","1","[1458. 2032.]","8.602325267042627","0.49475452","3"
"146","2","13","[1429. 2019.]","[1430. 2016.]","3.1622776601683795","4.025798034667969","[1429. 2015.]","4.0","0.2983904927968979","1","0","[1434. 2018.]","5.0990195135927845","0.31450364","0"
"306","2","13","[1463. 1922.]","[1469. 1921.]","6.082762530298219","8.835737228393555","[1462. 1919.]","3.1622776601683795","0.2533656120300293","0","4","[1480. 1921.]","17.029386365926403","0.24955538","0"
"284","2","13","[1482. 1752.]","[1481. 1752.]","1.0","7.359945392608642","[1482. 1750.]","2.0","0.41718160510063174","3","3","[1466. 1760.]","17.88854381999832","0.4738202","3"
"388","2","13","[1477. 1747.]","[1483. 1742.]","7.810249675906654","3.241036057472229","[1482. 1741.]","7.810249675906654","0.4271450400352478","4","0","[1481. 1742.]","6.4031242374328485","0.56232136","4"
"291","2","13","[1494. 1858.]","[1509. 1855.]","15.297058540778355","4.077032947540284","[1508. 1855.]","14.317821063276353","0.3573033452033997","2","0","[1511. 1855.]","17.26267650163207","0.43434933","2"
"301","2","13","[1492. 1750.]","[1485. 1745.]","8.602325267042627","5.660619401931763","[1485. 1749.]","7.0710678118654755","0.3515757143497467","2","2","[1474. 1742.]","19.697715603592208","0.3762354","1"
"282","2","13","[1371. 1820.]","[1380. 1819.]","9.055385138137417","4.544333434104919","[1380. 1817.]","9.486832980505138","0.4128409504890442","3","0","[1382. 1818.]","11.180339887498949","0.4268164","2"
"171","2","13","[1745. 1816.]","[1747. 1823.]","7.280109889280518","5.845922660827637","[1746. 1824.]","8.06225774829855","0.3112932175397873","1","2","[1740. 1826.]","11.180339887498949","0.27931678","0"
"304","2","13","[1544. 1864.]","[1545. 1863.]","1.4142135623730951","4.296455812454224","[1545. 1862.]","2.23606797749979","0.4201699733734131","4","0","[1547. 1864.]","3.0","0.5682887","4"
"006","2","13","[1560. 1873.]","[1554. 1880.]","9.219544457292887","6.440687847137451","[1553. 1874.]","7.0710678118654755","0.3600015342235565","2","3","[1557. 1883.]","10.44030650891055","0.46778846","3"
"124","2","13","[1548. 1790.]","[1524. 1641.]","150.9205088780183","231.3513214111328","[1550. 1787.]","3.605551275463989","0.23788235187530518","0","4","[1554. 1779.]","12.529964086141668","0.43017557","2"
"175","2","13","[1558. 1928.]","[1559. 1928.]","1.0","4.893009543418884","[1556. 1928.]","2.0","0.3928334414958954","3","1","[1563. 1929.]","5.0990195135927845","0.44014546","2"
"008","2","13","[1572. 1640.]","[1560. 1655.]","19.209372712298546","4.341566658020019","[1557. 1655.]","21.213203435596427","0.3545339673757553","2","0","[1557. 1657.]","22.67156809750927","0.42817646","2"
"139","2","13","[1526. 2044.]","[1525. 2041.]","3.1622776601683795","6.977036857604981","[1524. 2040.]","4.47213595499958","0.28662021458148956","0","3","[1526. 2052.]","8.0","0.26562262","0"
"138","2","13","[1465. 1830.]","[1452. 1833.]","13.341664064126334","5.133492708206177","[1451. 1834.]","14.560219778561036","0.3710735499858856","3","1","[1451. 1835.]","14.866068747318506","0.463586","3"
"077","2","13","[1577. 1762.]","[1574. 1765.]","4.242640687119285","4.714322853088379","[1573. 1761.]","4.123105625617661","0.3991497874259949","3","1","[1571. 1768.]","8.48528137423857","0.43601876","2"
"227","2","13","[1628. 1863.]","[1636. 1856.]","10.63014581273465","5.677965044975281","[1636. 1853.]","12.806248474865697","0.32448528707027435","1","2","[1637. 1855.]","12.041594578792296","0.42951947","2"
"019","2","13","[1465. 1737.]","[1459. 1745.]","10.0","5.899382400512695","[1454. 1743.]","12.529964086141668","0.25360012650489805","0","2","[1458. 1751.]","15.652475842498529","0.2110973","0"
"150","2","13","[1417. 1702.]","[1411. 1705.]","6.708203932499369","6.799398708343506","[1413. 1703.]","4.123105625617661","0.32425263822078704","1","3","[1408. 1707.]","10.295630140987","0.38439065","1"
"350","2","13","[1521. 1803.]","[1523. 1812.]","9.219544457292887","6.8109735488891605","[1523. 1809.]","6.324555320336759","0.3438602119684219","2","3","[1528. 1805.]","7.280109889280518","0.46967134","3"
"292","2","13","[1707. 1852.]","[1718. 1850.]","11.180339887498949","7.360627365112305","[1715. 1848.]","8.94427190999916","0.3806497573852539","3","3","[1721. 1843.]","16.64331697709324","0.45027038","2"
"361","2","13","[1443. 1896.]","[1450. 1893.]","7.615773105863909","5.380209231376648","[1450. 1891.]","8.602325267042627","0.3462344080209732","2","1","[1451. 1892.]","8.94427190999916","0.43113792","2"
"147","2","13","[1445. 1862.]","[1444. 1864.]","2.23606797749979","4.624621105194092","[1442. 1863.]","3.1622776601683795","0.34440340399742125","2","1","[1437. 1864.]","8.246211251235321","0.29413876","0"
"290","2","13","[1579. 1853.]","[1584. 1849.]","6.4031242374328485","7.8706183433532715","[1582. 1846.]","7.615773105863909","0.44172580242156984","4","4","[1593. 1845.]","16.1245154965971","0.50431544","3"
"220","2","13","[1603. 1908.]","[1606. 1910.]","3.605551275463989","3.4124515533447264","[1605. 1909.]","2.23606797749979","0.37926265001297","3","0","[1607. 1902.]","7.211102550927978","0.48947808","3"
"108","2","13","[1597. 1784.]","[1594. 1784.]","3.0","5.105524635314941","[1594. 1780.]","5.0","0.44491053819656373","4","1","[1594. 1780.]","5.0","0.5156228","3"
"255","2","13","[1512. 1863.]","[1519. 1865.]","7.280109889280518","5.5441957235336305","[1518. 1862.]","6.082762530298219","0.3809016108512878","3","2","[1512. 1864.]","1.0","0.3705914","1"
"033","2","13","[1563. 1959.]","[1558. 1958.]","5.0990195135927845","2.5593382835388185","[1556. 1957.]","7.280109889280518","0.4237262368202209","4","0","[1558. 1958.]","5.0990195135927845","0.5030957","3"
"244","2","13","[1629. 1751.]","[1631. 1746.]","5.385164807134504","7.535822200775146","[1631. 1750.]","2.23606797749979","0.2873739957809448","0","4","[1633. 1752.]","4.123105625617661","0.3994977","2"
"026","2","13","[1689. 1873.]","[1684. 1869.]","6.4031242374328485","5.868586158752441","[1682. 1871.]","7.280109889280518","0.3339494109153748","2","2","[1680. 1865.]","12.041594578792296","0.39122495","1"
"107","2","13","[1500. 1783.]","[1487. 1786.]","13.341664064126334","4.909177350997925","[1489. 1786.]","11.40175425099138","0.40620089769363404","3","1","[1485. 1786.]","15.297058540778355","0.45704222","2"
"384","2","13","[1458. 1921.]","[1468. 1923.]","10.198039027185569","7.694951820373535","[1470. 1920.]","12.041594578792296","0.3585496723651886","2","4","[1480. 1921.]","22.0","0.47985166","3"
"259","2","13","[1407. 1899.]","[1402. 1905.]","7.810249675906654","5.8767436981201175","[1405. 1901.]","2.8284271247461903","0.3420000642538071","2","2","[1398. 1911.]","15.0","0.4984471","3"
"219","2","13","[1565. 1703.]","[1564. 1705.]","2.23606797749979","4.1015016555786135","[1565. 1704.]","1.0","0.38956724405288695","3","0","[1556. 1707.]","9.848857801796104","0.5728438","4"
"276","2","13","[1461. 1874.]","[1467. 1872.]","6.324555320336759","4.656035208702088","[1466. 1872.]","5.385164807134504","0.3491460382938385","2","1","[1466. 1873.]","5.0990195135927845","0.3347446","0"
"060","2","13","[1502. 1916.]","[1490. 1925.]","15.0","5.696508598327637","[1488. 1927.]","17.804493814764857","0.44056186079978943","4","2","[1488. 1929.]","19.1049731745428","0.63153756","4"
"143","3","13","[1555. 1740.]","[1545. 1723.]","19.72308292331602","26.780257415771484","[1548. 1741.]","7.0710678118654755","0.3016341596841812","0","4","[1542. 1734.]","14.317821063276353","0.42232576","3"
"122","3","13","[1298. 1901.]","[1298. 1894.]","7.0","4.480783581733704","[1297. 1892.]","9.055385138137417","0.42966821789741516","4","1","[1300. 1892.]","9.219544457292887","0.3287206","1"
"076","3","13","[1598. 1663.]","[1587. 1691.]","30.083217912982647","9.595150375366211","[1583. 1686.]","27.459060435491963","0.28038351237773895","0","4","[1583. 1700.]","39.92492955535426","0.23877788","0"
"257","3","13","[1449. 1795.]","[1457. 1795.]","8.0","5.765925288200378","[1456. 1796.]","7.0710678118654755","0.27499963641166686","0","2","[1459. 1798.]","10.44030650891055","0.38276923","3"
"106","3","13","[1657. 1813.]","[1651. 1814.]","6.082762530298219","5.510531711578369","[1646. 1816.]","11.40175425099138","0.3376385509967804","1","2","[1647. 1817.]","10.770329614269007","0.32345977","1"
"368","3","13","[1392. 1921.]","[1406. 1920.]","14.035668847618199","6.700192832946778","[1400. 1920.]","8.06225774829855","0.3245383709669113","0","3","[1409. 1917.]","17.46424919657298","0.26457086","0"
"358","3","13","[1595. 1963.]","[1599. 1962.]","4.123105625617661","5.958182907104492","[1601. 1957.]","8.48528137423857","0.37805850207805636","3","2","[1602. 1966.]","7.615773105863909","0.48192886","4"
"115","3","13","[1542. 1824.]","[1529. 1823.]","13.038404810405298","7.958670043945313","[1534. 1817.]","10.63014581273465","0.39401102662086485","3","3","[1534. 1818.]","10.0","0.33695424","1"
"378","3","13","[1628. 1828.]","[1646. 1824.]","18.439088914585774","10.358549737930298","[1651. 1817.]","25.495097567963924","0.30229795575141905","0","4","[1655. 1818.]","28.792360097775937","0.31766403","1"
"287","3","13","[1401. 1887.]","[1393. 1894.]","10.63014581273465","27.06114807128906","[1404. 1882.]","5.830951894845301","0.30306515097618103","0","4","[1405. 1883.]","5.656854249492381","0.31861955","1"
"160","3","13","[1714. 1901.]","[1718. 1899.]","4.47213595499958","6.2885483503341675","[1716. 1899.]","2.8284271247461903","0.2625593066215515","0","2","[1723. 1893.]","12.041594578792296","0.31101683","0"
"028","3","13","[1614. 1812.]","[1606. 1812.]","8.0","6.076274585723877","[1606. 1814.]","8.246211251235321","0.4349871039390564","4","2","[1602. 1816.]","12.649110640673518","0.43461958","3"
"004","3","13","[1627. 1878.]","[1608. 1883.]","19.6468827043885","10.64089937210083","[1613. 1882.]","14.560219778561036","0.36715987622737883","2","4","[1608. 1892.]","23.600847442411894","0.4354266","4"
"045","3","13","[1485. 1766.]","[1483. 1773.]","7.280109889280518","8.199426746368408","[1481. 1776.]","10.770329614269007","0.3107183128595352","0","3","[1478. 1775.]","11.40175425099138","0.3531655","2"
"167","3","13","[1493. 1957.]","[1497. 1933.]","24.331050121192877","33.55293731689453","[1506. 1946.]","17.029386365926403","0.3402592033147812","1","4","[1518. 1948.]","26.570660511172846","0.33798766","1"
"262","3","13","[1560. 1763.]","[1558. 1763.]","2.0","5.858944845199585","[1556. 1761.]","4.47213595499958","0.388609716296196","3","2","[1556. 1761.]","4.47213595499958","0.36531717","2"
"141","3","13","[1480. 1895.]","[1458. 1901.]","22.80350850198276","29.157323837280273","[1473. 1899.]","8.06225774829855","0.3613721489906311","2","4","[1473. 1901.]","9.219544457292887","0.41973993","3"
"123","3","13","[1467. 1870.]","[1458. 1871.]","9.055385138137417","3.0360680103302","[1458. 1871.]","9.055385138137417","0.30800395607948305","0","0","[1458. 1874.]","9.848857801796104","0.34831405","2"
"214","3","13","[1553. 1822.]","[1550. 1808.]","14.317821063276353","31.960765075683593","[1557. 1824.]","4.47213595499958","0.23740050494670867","0","4","[1553. 1831.]","9.0","0.22638267","0"
"184","3","13","[1436. 1937.]","[1433. 1934.]","4.242640687119285","10.116123676300049","[1433. 1929.]","8.54400374531753","0.35634928941726685","2","4","[1424. 1936.]","12.041594578792296","0.39876947","3"
"121","3","13","[1479. 1998.]","[1468. 2001.]","11.40175425099138","5.082439851760864","[1465. 2002.]","14.560219778561036","0.2989789694547653","0","1","[1466. 2006.]","15.264337522473747","0.24579155","0"
"014","3","13","[1408. 1887.]","[1393. 1894.]","16.55294535724685","27.397265625","[1404. 1882.]","6.4031242374328485","0.3010081142187119","0","4","[1405. 1883.]","5.0","0.32075176","1"
"328","3","13","[1417. 1894.]","[1451. 1874.]","39.44616584663204","36.38780746459961","[1455. 1891.]","38.118237105091836","0.3086712688207626","0","4","[1451. 1901.]","34.713109915419565","0.318307","1"
"134","3","13","[1449. 1664.]","[1445. 1664.]","4.0","6.895918989181519","[1438. 1659.]","12.083045973594572","0.3764872610569","3","3","[1439. 1672.]","12.806248474865697","0.2776146","0"
"085","3","13","[1455. 2003.]","[1437. 1984.]","26.1725046566048","28.391463470458984","[1443. 2002.]","12.041594578792296","0.3561216413974762","2","4","[1442. 1996.]","14.7648230602334","0.40199062","3"
"072","3","13","[1562. 1847.]","[1555. 1830.]","18.384776310850235","27.334792709350587","[1567. 1833.]","14.866068747318506","0.23831682205200194","0","4","[1576. 1832.]","20.518284528683193","0.35257402","2"
"353","3","13","[1523. 1753.]","[1530. 1754.]","7.0710678118654755","5.288249659538269","[1529. 1751.]","6.324555320336759","0.356345596909523","2","2","[1534. 1752.]","11.045361017187261","0.31861785","1"
"166","3","13","[1485. 1880.]","[1495. 1859.]","23.259406699226016","32.73482704162598","[1494. 1880.]","9.0","0.3408579170703888","1","4","[1496. 1882.]","11.180339887498949","0.42441872","3"
"048","3","13","[1498. 1813.]","[1493. 1815.]","5.385164807134504","4.712009048461914","[1493. 1815.]","5.385164807134504","0.33908032774925234","1","1","[1489. 1817.]","9.848857801796104","0.36161372","2"
"104","3","13","[1620. 1875.]","[1615. 1873.]","5.385164807134504","5.949162864685059","[1614. 1872.]","6.708203932499369","0.37685478627681734","3","2","[1610. 1874.]","10.04987562112089","0.37615094","2"
"082","3","13","[1539. 1842.]","[1531. 1849.]","10.63014581273465","8.278641510009766","[1525. 1845.]","14.317821063276353","0.32733188569545746","1","3","[1525. 1846.]","14.560219778561036","0.33875123","1"
"001","3","13","[1571. 2015.]","[1550. 2023.]","22.47220505424423","2.509964656829834","[1548. 2022.]","24.041630560342615","0.4233034521341324","4","0","[1548. 2024.]","24.698178070456937","0.47369087","4"
"400","3","13","[1445. 1804.]","[1455. 1807.]","10.44030650891055","6.7243836402893065","[1453. 1799.]","9.433981132056603","0.3596251130104065","2","3","[1461. 1804.]","16.0","0.3168397","1"
"038","3","13","[1415. 1863.]","[1395. 1881.]","26.90724809414742","6.696158409118652","[1398. 1879.]","23.345235059857504","0.348576158285141","1","3","[1398. 1882.]","25.495097567963924","0.41568583","3"
"345","3","13","[1398. 1872.]","[1402. 1872.]","4.0","4.229751014709473","[1398. 1872.]","0.0","0.38108378648757935","3","1","[1404. 1875.]","6.708203932499369","0.3780103","2"
"145","3","13","[1529. 1744.]","[1505. 1729.]","28.30194339616981","40.38490257263184","[1505. 1754.]","26.0","0.15192788243293762","0","4","[1518. 1751.]","13.038404810405298","0.3009029","0"
"226","3","13","[1429. 1881.]","[1420. 1865.]","18.35755975068582","34.1810661315918","[1430. 1881.]","1.0","0.33299832940101626","1","4","[1428. 1882.]","1.4142135623730951","0.48060048","4"
"310","3","13","[1477. 1850.]","[1458. 1846.]","19.4164878389476","26.57286968231201","[1470. 1846.]","8.06225774829855","0.28951066732406616","0","4","[1481. 1846.]","5.656854249492381","0.4514696","4"
"206","3","13","[1440. 1741.]","[1437. 1745.]","5.0","7.608679723739624","[1432. 1749.]","11.313708498984761","0.2538671582937241","0","3","[1435. 1743.]","5.385164807134504","0.30575687","0"
"231","3","13","[1672. 1857.]","[1676. 1851.]","7.211102550927978","6.361666679382324","[1676. 1852.]","6.4031242374328485","0.3704360842704773","2","2","[1677. 1846.]","12.083045973594572","0.36257282","2"
"308","3","13","[1507. 1836.]","[1511. 1836.]","4.0","3.4124515533447264","[1507. 1835.]","1.0","0.44119179248809814","4","0","[1511. 1838.]","4.47213595499958","0.3332778","1"
"281","3","13","[1459. 1832.]","[1454. 1830.]","5.385164807134504","6.215265941619873","[1451. 1833.]","8.06225774829855","0.35240316689014434","2","2","[1451. 1828.]","8.94427190999916","0.27403688","0"
"277","3","13","[1599. 1881.]","[1603. 1886.]","6.4031242374328485","4.541516828536987","[1603. 1882.]","4.123105625617661","0.4057876139879227","4","1","[1608. 1882.]","9.055385138137417","0.43963364","4"
"223","3","13","[1449. 1952.]","[1454. 1941.]","12.083045973594572","7.749755096435547","[1454. 1929.]","23.53720459187964","0.30310315191745757","0","3","[1458. 1948.]","9.848857801796104","0.30510584","0"
"324","3","13","[1572. 1712.]","[1556. 1727.]","21.93171219946131","29.40311641693115","[1573. 1712.]","1.0","0.30176396667957306","0","4","[1571. 1714.]","2.23606797749979","0.27009133","0"
"224","3","13","[1572. 1815.]","[1573. 1816.]","1.4142135623730951","4.031570458412171","[1571. 1815.]","1.0","0.44303733110427856","4","0","[1575. 1813.]","3.605551275463989","0.39027253","3"
"364","3","13","[1384. 1956.]","[1402. 1941.]","23.430749027719962","34.02167510986328","[1407. 1960.]","23.345235059857504","0.27283157110214235","0","4","[1406. 1958.]","22.090722034374522","0.37520194","2"
"070","3","13","[1407. 1797.]","[1400. 1810.]","14.7648230602334","2.855119514465332","[1400. 1807.]","12.206555615733702","0.4176786959171295","4","0","[1402. 1811.]","14.866068747318506","0.39222762","3"
"174","3","13","[1585. 1805.]","[1590. 1800.]","7.0710678118654755","5.69284839630127","[1591. 1797.]","10.0","0.41712808012962344","4","2","[1587. 1799.]","6.324555320336759","0.41609192","3"
"071","3","13","[1512. 1648.]","[1499. 1626.]","25.553864678361276","31.964777374267577","[1510. 1639.]","9.219544457292887","0.332335901260376","1","4","[1510. 1645.]","3.605551275463989","0.37553236","2"
"130","3","13","[1659. 1808.]","[1654. 1806.]","5.385164807134504","5.850432205200195","[1655. 1798.]","10.770329614269007","0.4215259999036789","4","2","[1648. 1808.]","11.0","0.4208986","3"
"233","3","13","[1604. 1841.]","[1606. 1843.]","2.8284271247461903","8.108383274078369","[1599. 1844.]","5.830951894845301","0.30223095417022705","0","3","[1609. 1845.]","6.4031242374328485","0.27306148","0"
"245","3","13","[1587. 1997.]","[1591. 2001.]","5.656854249492381","6.439268851280213","[1587. 1996.]","1.0","0.30502798557281496","0","3","[1602. 2004.]","16.55294535724685","0.2983449","0"
"221","3","13","[1606. 1923.]","[1603. 1917.]","6.708203932499369","6.180405616760254","[1601. 1919.]","6.4031242374328485","0.38641923666000366","3","2","[1608. 1920.]","3.605551275463989","0.4762766","4"
"197","3","13","[1710. 2009.]","[1712. 2012.]","3.605551275463989","5.62207989692688","[1712. 2012.]","3.605551275463989","0.43525236546993257","4","2","[1714. 2014.]","6.4031242374328485","0.4238694","3"
"039","3","13","[1549. 1802.]","[1533. 1821.]","24.839484696748443","6.688670825958252","[1530. 1824.]","29.068883707497267","0.3584431022405624","2","3","[1541. 1818.]","17.88854381999832","0.36870044","2"
"356","3","13","[1464. 1788.]","[1464. 1784.]","4.0","6.6173200607299805","[1462. 1780.]","8.246211251235321","0.33046733140945433","1","3","[1466. 1789.]","2.23606797749979","0.29873773","0"
"302","3","13","[1738. 1669.]","[1741. 1663.]","6.708203932499369","6.176142024993896","[1734. 1665.]","5.656854249492381","0.35684586465358736","2","2","[1737. 1658.]","11.045361017187261","0.29728886","0"
"274","3","13","[1486. 1988.]","[1480. 1991.]","6.708203932499369","5.405978107452393","[1479. 1986.]","7.280109889280518","0.3882374703884125","3","2","[1486. 1990.]","2.0","0.51061577","4"
"263","3","13","[1591. 1697.]","[1597. 1697.]","6.0","6.1065102338790895","[1594. 1694.]","4.242640687119285","0.33818013966083527","1","2","[1601. 1704.]","12.206555615733702","0.33138642","1"
"186","3","13","[1442. 1848.]","[1430. 1856.]","14.422205101855956","24.278702545166016","[1441. 1845.]","3.1622776601683795","0.24349807500839232","0","4","[1439. 1860.]","12.36931687685298","0.23135076","0"
"040","3","13","[1438. 1820.]","[1426. 1828.]","14.422205101855956","6.280177783966065","[1424. 1826.]","15.231546211727817","0.34877298176288607","1","2","[1421. 1835.]","22.67156809750927","0.39108247","3"
"363","3","13","[1538. 1852.]","[1542. 1842.]","10.770329614269007","8.28830680847168","[1545. 1836.]","17.46424919657298","0.299883633852005","0","3","[1548. 1844.]","12.806248474865697","0.35715306","2"
"105","3","13","[1385. 1712.]","[1374. 1694.]","21.095023109728988","62.58805847167969","[1377. 1721.]","12.041594578792296","0.16622617840766907","0","4","[1367. 1733.]","27.65863337187866","0.46034405","4"
"018","3","13","[1469. 1874.]","[1455. 1895.]","25.238858928247925","26.099432945251465","[1469. 1890.]","16.0","0.24517640769481658","0","4","[1465. 1873.]","4.123105625617661","0.24183673","0"
"080","3","13","[1386. 1817.]","[1380. 1816.]","6.082762530298219","3.7567213773727417","[1375. 1815.]","11.180339887498949","0.38917726278305054","3","0","[1382. 1817.]","4.0","0.34423664","1"
"032","3","13","[1513. 1771.]","[1511. 1743.]","28.071337695236398","31.722109031677245","[1519. 1760.]","12.529964086141668","0.22063522040843964","0","4","[1526. 1752.]","23.021728866442675","0.3102856","0"
"253","3","13","[1460. 1684.]","[1458. 1685.]","2.23606797749979","3.1962841510772706","[1458. 1684.]","2.0","0.40706393122673035","4","0","[1456. 1683.]","4.123105625617661","0.33526933","1"
"046","3","13","[1535. 1820.]","[1521. 1827.]","15.652475842498529","3.4332078456878663","[1521. 1825.]","14.866068747318506","0.3741418570280075","3","0","[1519. 1826.]","17.08800749063506","0.3735912","2"
"326","3","13","[1588. 1807.]","[1595. 1802.]","8.602325267042627","8.032403564453125","[1594. 1805.]","6.324555320336759","0.37619745433330537","3","3","[1587. 1807.]","1.0","0.3618205","2"
"010","3","13","[1525. 1760.]","[1526. 1758.]","2.23606797749979","7.845327377319336","[1523. 1757.]","3.605551275463989","0.3666613519191742","2","3","[1526. 1759.]","1.4142135623730951","0.36086768","2"
"216","3","13","[1551. 1922.]","[1544. 1903.]","20.248456731316587","34.44141807556152","[1551. 1919.]","3.0","0.27931283712387084","0","4","[1549. 1919.]","3.605551275463989","0.36304045","2"
"126","3","13","[1597. 1881.]","[1592. 1883.]","5.385164807134504","5.799469757080078","[1594. 1881.]","3.0","0.3888726830482483","3","2","[1587. 1883.]","10.198039027185569","0.40085635","3"
"084","3","13","[1463. 1840.]","[1463. 1838.]","2.0","4.593167543411255","[1461. 1836.]","4.47213595499958","0.40211306810379027","3","1","[1461. 1840.]","2.0","0.44528568","4"
"113","3","13","[1553. 1772.]","[1549. 1771.]","4.123105625617661","4.416440677642822","[1549. 1768.]","5.656854249492381","0.38869914412498474","3","1","[1549. 1770.]","4.47213595499958","0.36521262","2"
"271","3","13","[1608. 1828.]","[1613. 1824.]","6.4031242374328485","4.636797380447388","[1612. 1824.]","5.656854249492381","0.3844915121793747","3","1","[1616. 1826.]","8.246211251235321","0.3044429","0"
"293","3","13","[1582. 1841.]","[1600. 1830.]","21.095023109728988","5.878120040893554","[1601. 1826.]","24.20743687382041","0.37392309606075286","3","2","[1602. 1826.]","25.0","0.38032937","2"
"154","3","13","[1394. 1987.]","[1401. 1983.]","8.06225774829855","8.28015203475952","[1397. 1984.]","4.242640687119285","0.26410183906555174","0","3","[1398. 1986.]","4.123105625617661","0.35574195","2"
"053","3","13","[1544. 1874.]","[1545. 1866.]","8.06225774829855","4.068864035606384","[1544. 1864.]","10.0","0.40541085600852966","4","0","[1541. 1866.]","8.54400374531753","0.38300705","3"
"392","3","13","[1618. 1853.]","[1631. 1849.]","13.601470508735444","5.166526889801025","[1631. 1845.]","15.264337522473747","0.29202194809913634","0","1","[1632. 1855.]","14.142135623730951","0.3431894","1"
"002","3","13","[1513. 1837.]","[1504. 1844.]","11.40175425099138","6.109319496154785","[1503. 1843.]","11.661903789690601","0.3344844192266464","1","2","[1497. 1849.]","20.0","0.37205365","2"
"016","3","13","[1644. 1765.]","[1629. 1773.]","17.0","7.000602197647095","[1628. 1777.]","20.0","0.3714288383722305","2","3","[1631. 1779.]","19.1049731745428","0.3497316","2"
"092","3","13","[1615. 1731.]","[1614. 1729.]","2.23606797749979","7.30361316204071","[1617. 1723.]","8.246211251235321","0.37278589606285095","2","3","[1610. 1732.]","5.0990195135927845","0.34403238","1"
"210","3","13","[1524. 1742.]","[1526. 1741.]","2.23606797749979","4.479778838157654","[1530. 1739.]","6.708203932499369","0.4195370614528656","4","1","[1525. 1740.]","2.23606797749979","0.36448324","2"
"211","3","13","[1357. 1947.]","[1371. 1937.]","17.204650534085253","8.183185577392578","[1376. 1928.]","26.870057685088806","0.29642791748046876","0","3","[1368. 1940.]","13.038404810405298","0.24144335","0"
"011","3","13","[1493. 1836.]","[1463. 1823.]","32.69556544854363","31.807690048217772","[1475. 1836.]","18.0","0.2078961968421936","0","4","[1488. 1836.]","5.0","0.29563925","0"
"362","3","13","[1712. 1744.]","[1732. 1746.]","20.09975124224178","5.00371561050415","[1732. 1741.]","20.223748416156685","0.4081145107746124","4","1","[1730. 1751.]","19.313207915827967","0.33279908","1"
"009","3","13","[1501. 1828.]","[1480. 1847.]","28.319604517012593","6.268790435791016","[1481. 1844.]","25.612496949731394","0.29415463507175443","0","2","[1487. 1842.]","19.79898987322333","0.38132536","3"
"021","3","13","[1405. 1964.]","[1403. 1962.]","2.8284271247461903","6.016875076293945","[1401. 1957.]","8.06225774829855","0.2774683445692062","0","2","[1404. 1958.]","6.082762530298219","0.24843045","0"
"029","3","13","[1600. 1838.]","[1594. 1844.]","8.48528137423857","5.923584794998169","[1595. 1843.]","7.0710678118654755","0.4219322890043259","4","2","[1587. 1845.]","14.7648230602334","0.3238281","1"
"030","3","13","[1511. 1924.]","[1497. 1932.]","16.1245154965971","6.276939582824707","[1496. 1928.]","15.524174696260024","0.3787032663822174","3","2","[1496. 1938.]","20.518284528683193","0.3733133","2"
"303","3","13","[1613. 1994.]","[1611. 1998.]","4.47213595499958","4.690508413314819","[1612. 1994.]","1.0","0.3885256916284561","3","1","[1610. 1994.]","3.0","0.43602023","4"
"089","3","13","[1603. 1832.]","[1591. 1842.]","15.620499351813308","24.391493034362792","[1605. 1832.]","2.0","0.2320993185043335","0","4","[1608. 1827.]","7.0710678118654755","0.31715503","1"
"398","3","13","[1542. 1767.]","[1558. 1766.]","16.0312195418814","5.8664957046508786","[1559. 1761.]","18.027756377319946","0.3509831428527832","2","2","[1554. 1761.]","13.416407864998739","0.26339325","0"
"012","3","13","[1745. 1820.]","[1741. 1832.]","12.649110640673518","4.0287374496459964","[1739. 1827.]","9.219544457292887","0.3466128706932068","1","0","[1737. 1836.]","17.88854381999832","0.32810622","1"
"254","3","13","[1352. 1720.]","[1357. 1720.]","5.0","3.6664729833602907","[1355. 1715.]","5.830951894845301","0.3929033637046814","3","0","[1360. 1720.]","8.0","0.35939857","2"
"249","3","13","[1674. 1935.]","[1670. 1937.]","4.47213595499958","6.555182266235351","[1671. 1936.]","3.1622776601683795","0.34750746190547943","1","3","[1670. 1940.]","6.4031242374328485","0.32495815","1"
"136","3","13","[1593. 1782.]","[1586. 1784.]","7.280109889280518","7.99039888381958","[1581. 1780.]","12.165525060596439","0.3767846256494522","3","3","[1580. 1780.]","13.152946437965905","0.373271","2"
"128","3","13","[1469. 1682.]","[1455. 1683.]","14.035668847618199","4.882289552688599","[1450. 1683.]","19.026297590440446","0.4085747241973877","4","1","[1457. 1684.]","12.165525060596439","0.36925378","2"
"391","3","13","[1542. 1797.]","[1549. 1794.]","7.615773105863909","4.551174736022949","[1550. 1789.]","11.313708498984761","0.4098987340927124","4","1","[1549. 1799.]","7.280109889280518","0.31487215","0"
